Open,High,Low,Close,Moving Average 50
282.44,283.04,281.49,281.59,281.06
276.48,278.04,275.34,277.65,281.07
277.65,277.81,276,276.88,281.08
276.87,277.07,274.11,274.18,281.04
274.18,274.37,272.55,272.88,280.96
272.88,273.9,272.14,273.61,280.89
273.61,273.86,272.8,272.96,280.79
272.96,273.5,272.02,273.41,280.72
273.41,274.62,273.21,274.47,280.63
274.49,275,273.72,274.02,280.52
274.02,275.69,273.56,274.93,280.46
274.93,275.13,273.24,273.49,280.38
273.49,274.81,272.58,274.29,280.33
274.29,275.51,272.5,273.17,280.24
278.38,278.9,277.05,277.81,280.23
277.81,278.22,276.91,277.7,280.2
277.74,278.67,277.45,277.59,280.16
277.63,278.64,277.26,278.25,280.18
278.25,279.05,278.18,278.68,280.21
278.67,279.15,278.38,278.86,280.23
278.86,279.3,278.32,278.59,280.25
278.59,279.24,278.22,279.22,280.28
279.22,279.5,278.82,279.24,280.3
279.24,279.51,278.96,279.24,280.3
279.24,280.24,279.24,279.99,280.32
280,280.38,279.71,279.98,280.21
279.98,281,279.07,279.17,280.12
280.46,282.38,280.15,281.52,280.08
281.52,282.61,281.02,282.44,280.08
282.44,283.94,282.4,283.28,280.07
283.29,283.4,282.66,283.25,280.07
283.25,283.31,281.8,282.29,280.03
282.31,283.12,282.08,283.03,280.01
283.03,283.12,278.88,281.01,279.95
281.03,282.01,279.67,280.3,279.89
280.3,281.03,279.06,279.88,279.81
279.88,280.79,278.75,280.59,279.73
280.58,281.53,280.21,281.33,279.62
281.32,281.42,279.25,279.95,279.56
279.94,280.69,279.03,279.08,279.46
280.69,281.29,278.77,278.86,279.34
278.89,280.91,278.81,279.46,279.22
279.46,280.39,279.21,279.59,279.09
279.59,279.66,278.5,279.14,278.97
279.14,279.73,278.68,279.35,278.85
279.35,280.41,279.06,280,278.76
280,280.52,279.75,280.22,278.66
280.21,280.32,279.78,280.31,278.62
280.31,281.56,280.08,281.52,278.61
281.52,281.95,281.24,281.64,278.6
281.64,282.52,281.54,282.21,278.61
282.21,282.93,281.81,282.92,278.72
282.92,283.7,282.48,282.89,278.84
285.02,285.75,284.62,285.52,279.06
285.52,286.29,285.16,285.85,279.32
285.84,286.41,285.5,285.69,279.56
285.68,286.67,285.42,286.62,279.84
286.62,287.21,286.5,286.91,280.11
286.91,287,286.42,286.7,280.35
286.7,287.35,286.7,287.07,280.61
287.07,287.09,286.17,286.54,280.84
286.54,286.71,286.1,286.52,281.11
286.51,287.13,286.51,286.86,281.36
286.86,287.6,286.77,287.36,281.64
287.36,287.9,287.26,287.52,281.83
287.52,288.27,287.04,287.11,282.02
291,291.4,289.45,289.48,282.26
289.48,289.99,288.53,288.83,282.47
288.84,288.95,285.62,285.82,282.61
285.84,287.44,285.58,287.27,282.78
287.27,287.79,286.51,286.81,282.95
286.84,287.46,285.7,286.41,283.09
286.41,287.52,286.19,287.31,283.25
287.32,287.64,287.04,287.41,283.42
287.42,288.02,287,287.45,283.57
287.45,288.36,287.45,288.09,283.73
288.09,288.33,287.07,287.35,283.89
287.35,288.09,286.8,287.54,284.01
287.54,287.69,285.4,285.77,284.08
291.59,292.04,290.41,291.98,284.25
291.98,292.1,290.8,292.08,284.43
292.08,292.67,291.76,292.39,284.63
292.39,292.97,291.91,292.78,284.83
292.78,293.14,292.28,292.89,285.06
292.88,293.66,292.88,293.59,285.33
293.59,294.37,293.58,293.94,285.61
293.95,294.58,293.95,294.01,285.88
294,294.1,293.38,293.69,286.13
293.69,294.07,292.51,293.42,286.39
293.42,294.12,293.02,293.97,286.69
293.99,294.87,293.87,294.79,287.01
294.8,294.88,293.08,293.19,287.29
291.69,291.73,289.58,291.24,287.52
291.24,292.15,290.62,292.02,287.78
292.01,292.24,290.58,291.04,288.01
291.04,291.91,290.77,290.8,288.23
290.79,291.32,289.55,289.6,288.41
289.59,289.68,288.78,289.2,288.59
289.2,290.13,288.59,289.98,288.76
289.96,290.42,289.33,289.76,288.92
289.76,289.96,289.11,289.22,289.06
289.21,289.95,288.86,289.72,289.2
289.71,290.21,288.95,289.33,289.33
289.33,290.9,289.12,290.56,289.43
290.55,291.18,289.58,290.38,289.52
285.16,286.04,284.42,285.07,289.51
285.08,285.96,284.16,285.09,289.48
285.09,285.7,284.58,285.08,289.44
285.07,285.09,283.87,283.88,289.38
283.88,283.96,282.41,282.72,289.3
282.72,283.02,281.96,282.32,289.21
282.33,282.7,281.61,282.31,289.13
282.31,282.77,281.57,282.14,289.03
282.15,282.44,281.52,281.95,288.93
281.96,282.84,281.57,282.73,288.83
282.72,282.74,282.03,282.55,288.74
282.56,283.4,282.25,282.72,288.6
282.72,282.94,281.63,282.73,288.48
280.46,280.97,279.13,280.57,288.38
280.57,282.11,280.44,281.12,288.25
281.12,281.55,280.63,280.69,288.13
280.7,281.73,280.53,280.96,288.02
280.98,281.88,280.76,281.42,287.9
281.42,281.95,281.29,281.88,287.79
281.89,282.05,280.91,281.09,287.67
281.1,281.28,280.2,280.8,287.52
280.8,281.49,280.8,281.46,287.4
281.44,281.82,281.19,281.53,287.28
281.55,282.61,281.11,282.48,287.22
282.47,283.4,282.26,283.27,287.04
283.28,283.9,283.05,283.68,286.87
286.66,288.16,286.26,288.15,286.79
288.16,288.47,287.37,287.51,286.68
287.5,288.05,287.35,287.96,286.59
287.97,288.61,287.83,288.52,286.48
288.52,288.96,288.5,288.86,286.38
288.87,289.24,288.71,288.78,286.28
288.79,288.95,288.3,288.4,286.17
288.41,288.61,288,288.5,286.07
288.51,288.95,288.48,288.74,285.97
288.74,289.16,288.54,289.03,285.85
289.04,289.25,288.46,289.23,285.78
289.23,289.23,286.91,287.17,285.69
287.17,287.41,285.75,286.2,285.58
288.01,288.46,285.83,286.36,285.48
286.33,286.61,285.06,286.46,285.4
286.47,287.86,286.33,287.17,285.35
287.17,287.58,285.72,286.37,285.29
286.38,286.82,285.53,286.12,285.21
286.1,286.7,285.85,286.51,285.15
286.51,287.05,286.41,286.64,285.1
286.64,286.81,285.97,286.73,285.04
286.73,287.42,286.66,287.01,284.99
287.01,287.01,285.92,286.03,284.9
286.03,286.8,285.74,286.26,284.82
286.25,286.58,285.97,286.12,284.84
286.12,286.12,283.78,284.29,284.82
287.79,288.96,287.58,288.63,284.89
288.63,288.73,287.22,288.02,284.98
288.02,288.63,287.39,287.62,285.08
287.61,288.68,287.58,288.52,285.2
288.53,289.72,288.31,289.44,285.34
289.44,289.78,289.16,289.45,285.49
289.46,289.54,288.78,289.25,285.63
289.25,289.57,288.91,288.97,285.76
288.97,289.31,288.51,288.82,285.88
288.82,289,288.02,288.32,286
288.32,288.51,287.62,288.06,286.1
288.06,288.45,287.14,287.88,286.25
287.9,287.98,287.13,287.67,286.38
291.05,291.37,289.86,290.8,286.58
290.79,291.53,290.79,291.08,286.78
291.08,291.39,290.54,290.84,286.97
290.83,291.64,290.43,291.49,287.17
291.49,291.85,291.45,291.73,287.38
291.73,291.99,291.49,291.67,287.6
291.67,292,291.66,291.95,287.81
291.95,292.05,291.34,291.46,288
291.46,291.6,290.76,291.11,288.18
291.11,291.63,290.79,291.55,288.34
291.55,291.75,291.16,291.66,288.5
291.67,292.14,291.49,291.94,288.58
291.94,292.95,291.85,292.46,288.68
290.37,291.21,289.88,290.45,288.73
290.45,291.29,290.38,290.9,288.77
290.9,291.41,290.55,290.88,288.81
290.88,291.75,290.82,291.74,288.87
291.74,292,291.7,291.95,288.94
291.93,292.77,291.71,292.73,289.03
292.73,293.11,292.61,292.98,289.11
292.98,293.81,292.77,293.68,289.21
293.68,294,293.34,293.36,289.29
293.35,293.48,292.71,292.88,289.4
292.88,293.74,292.81,293.49,289.55
293.5,294,293.2,293.4,289.69
293.41,293.59,292.5,292.62,289.81
293.75,294.24,291.54,292.28,289.92
292.28,292.69,291.85,292.03,290.03
292.04,292.77,291.61,292.53,290.16
292.54,293.13,292.28,292.69,290.28
292.68,292.95,291.95,292.51,290.4
292.52,292.63,292,292.49,290.51
292.48,292.64,292.17,292.51,290.62
292.5,292.56,290.5,290.8,290.72
290.8,291.49,290.67,291.48,290.82
291.48,291.56,290.28,290.85,290.92
290.84,291.27,290.24,291.04,291.05
291.04,291.12,289.56,289.63,291.07
289.64,289.89,286.55,286.61,291.04
285.95,286.38,283.64,284.85,290.99
284.84,286.48,284.73,286.32,290.95
286.33,287.19,284.57,284.75,290.85
284.76,285.39,283.25,283.99,290.74
283.98,284.27,281.18,281.87,290.59
281.87,282.27,279.61,281.14,290.44
281.15,281.94,280.73,281.73,290.3
281.73,282.07,280.43,281.42,290.16
281.42,281.69,280.62,280.78,290.01
280.79,281.83,280.16,280.71,289.87
280.71,280.91,279.67,279.67,289.71
279.67,281.25,278.97,279.82,289.49
279.82,282.09,279.48,281.67,289.3
278.84,279.78,276.61,276.89,289.02
276.89,278.28,276.37,277.31,288.74
277.3,280.62,277.29,279.87,288.5
279.87,281.62,279.65,279.92,288.27
279.92,280.8,279.02,279.77,288.02
279.79,281.43,279.4,280.8,287.81
280.8,282.64,280.62,282.41,287.64
282.42,283.34,281.82,283.3,287.47
283.3,283.65,282,282.09,287.28
282.08,282.62,281.35,282.57,287.09
282.56,282.7,281.05,282.18,286.89
282.18,284.1,281.93,283.89,286.76
283.89,285.11,282.84,284.97,286.64
282.32,284.22,281.34,283.85,286.5
283.85,285.08,283.4,284.08,286.34
284.08,284.47,282.58,282.91,286.16
282.91,283.31,281.89,282.91,285.97
282.9,283.21,282.25,283.14,285.77
283.14,284.49,282.96,284.2,285.58
284.2,284.78,283.61,284.13,285.39
284.13,285.13,284.06,284.84,285.23
284.84,285.14,284.14,285,285.06
284.99,285.96,284.97,285.81,284.91
285.83,285.91,284.48,284.61,284.75
284.62,285.78,284.37,285.49,284.62
285.49,286.33,284.58,286.26,284.5
293.09,294.19,292.7,293.28,284.52
293.28,293.69,292.87,293.32,284.53
293.32,294.69,293.32,294.53,284.57
294.53,295.58,294.48,295.24,284.62
295.25,295.48,294.74,295.04,284.67
295.03,295.25,294.64,295,284.76
295.01,295.06,294.53,294.81,284.83
294.81,295.78,294.76,295.77,284.92
295.78,295.79,295.34,295.59,285.01
295.59,295.94,295.39,295.64,285.13
295.65,296.07,295.41,295.68,285.32
295.68,295.98,295.34,295.78,285.53
295.79,296.75,294.94,294.94,285.71
294.41,294.73,293.52,294.65,285.91
294.67,295.88,294.61,295.08,286.13
295.07,295.43,294.2,295.28,286.4
295.27,295.79,294.93,295.77,286.69
295.78,295.99,295.21,295.46,286.96
295.45,295.68,294.89,295.17,287.24
295.17,295.34,294.73,295.22,287.53
295.22,295.47,294.95,295.36,287.82
295.35,295.68,295.19,295.5,288.14
295.5,296.04,295.05,295.71,288.45
295.72,296.21,293.73,294.04,288.7
294.05,295.83,293.69,294.81,289.06
294.8,294.8,291.95,292.21,289.36
295.83,296.79,295.57,296.61,289.69
296.61,297.55,296.47,297.31,290.04
297.32,297.5,296.95,297.09,290.39
297.09,297.87,296.93,297.76,290.73
297.76,297.87,297.48,297.58,291.03
297.57,297.74,296.52,296.9,291.3
296.9,297.08,296.1,296.89,291.6
296.87,296.99,295.97,296.2,291.87
296.2,296.86,296.15,296.5,292.16
296.5,296.95,295.81,296.26,292.4
296.26,297.43,296.16,297.11,292.65
297.11,297.25,296.22,297.17,292.91
297.16,297.34,296.29,296.96,293.17
296.8,297.67,296.27,297.14,293.45
297.13,297.43,296.36,296.79,293.73
296.8,296.8,295.26,295.83,293.99
295.83,295.83,293.69,294.3,294.19
294.33,295.35,294.23,294.87,294.4
294.87,295.93,294.85,295.38,294.61
295.37,295.46,294.58,294.95,294.81
294.95,295.82,294.73,295.29,295
295.29,295.45,294.84,295.19,295.21
295.19,295.81,295.09,295.66,295.42
295.66,295.8,294.38,294.72,295.59
294.72,295.66,294.71,295.3,295.63
295.3,295.48,294.51,294.88,295.66
294.56,294.85,293.37,294.28,295.65
294.28,294.37,293.22,294.36,295.64
294.36,294.53,293.35,293.46,295.6
293.43,294.65,293.28,293.72,295.58
293.72,294.19,293.52,293.98,295.56
293.98,294.22,293.67,294.01,295.53
294.03,294.73,294.02,294.43,295.5
294.42,294.83,294.3,294.68,295.48
294.68,294.82,294.36,294.75,295.47
294.76,295.36,294.72,295.14,295.45
295.14,295.45,294.77,295.04,295.45
295.03,295.28,294.25,294.56,295.45
294.58,295.63,294.44,295.44,295.46
301.96,302.19,300.66,300.84,295.57
300.83,301.39,300.37,301.36,295.68
301.35,301.54,300.84,301.3,295.8
301.29,301.58,300.35,300.87,295.91
300.87,300.88,299.9,300.41,296.02
300.41,300.71,300.08,300.37,296.12
300.37,301.08,300.36,301.03,296.23
301.04,301.47,300.89,301.42,296.34
301.42,301.47,301.09,301.11,296.48
301.14,301.45,301.02,301.24,296.61
301.24,301.34,300.74,301.04,296.79
301.04,301.08,300.52,300.7,296.87
300.72,300.93,298.69,299.2,296.91
302.14,302.22,299.57,299.89,296.96
299.91,300.59,299.27,299.91,297.01
299.91,299.91,296.87,298.04,297.02
298.04,298.96,297.41,298.93,297.06
298.93,299.62,297.54,299.55,297.11
299.54,300.22,299.28,299.73,297.18
299.75,300.52,299.56,300.17,297.25
300.17,300.49,299.45,300.27,297.34
300.28,300.43,299.67,300.36,297.4
300.36,301.54,300.36,301.21,297.48
301.22,301.78,300.84,301.74,297.58
301.74,302.11,301.38,302.02,297.67
302.02,303.57,301.57,303.48,297.81
304.69,304.87,303.32,304.16,297.97
304.15,304.93,303.67,304.45,298.18
304.46,305.19,304.14,305.09,298.38
305.09,305.37,304.5,305.27,298.58
305.27,305.58,304.57,305.55,298.79
305.55,305.77,305.22,305.44,299
305.44,306.43,305.33,306.25,299.22
306.25,306.69,306.25,306.63,299.44
306.63,306.84,306.24,306.46,299.67
306.46,306.65,305.86,306,299.88
306,306.3,305.46,305.97,300.11
305.97,306.46,304.36,304.43,300.31
304.43,304.72,302.24,302.97,300.48
302.46,303.14,301.78,302.23,300.66
302.24,302.59,301.14,301.56,300.81
301.56,302.04,300.63,301.03,300.95
301.02,301.73,300.48,301.36,301.1
301.37,302.06,300.97,301.67,301.25
301.67,301.95,300.69,301.12,301.38
301.1,302.27,299.47,301.63,301.51
301.63,301.87,301.11,301.41,301.64
301.43,301.58,300.72,301.13,301.76
301.13,303.03,300.95,302.86,301.93
302.86,303.64,300.07,303.57,302.09
303.56,304.58,303.08,303.64,302.14
303.62,304.96,303.32,304.49,302.21
303.63,304.71,303.06,304.21,302.27
304.21,305.09,303.95,304.98,302.35
304.98,305.29,304.66,305.07,302.44
305.07,305.14,304.25,304.52,302.52
304.51,305.08,304.45,305.01,302.6
305.01,305.43,304.71,305.3,302.68
305.29,305.67,305.29,305.5,302.77
305.5,306.11,305.47,306,302.86
306,306.21,305.76,305.91,302.96
305.91,305.99,305.55,305.56,303.06
305.56,306.04,305.47,305.98,303.19
305.98,306.15,305.41,305.84,303.31
305.84,306.02,305.25,305.58,303.43
306.52,306.6,305.52,306.27,303.59
306.28,307.18,306.28,307.16,303.76
307.17,307.26,305.83,306.39,303.89
306.37,306.41,305.1,305.75,304.01
305.75,306.34,305.57,305.86,304.13
305.84,306.47,305.76,306.46,304.25
306.46,306.55,306.24,306.41,304.37
306.41,306.97,306.38,306.89,304.48
306.89,307.14,306.73,307.06,304.59
307.06,307.19,306.58,306.72,304.69
306.7,306.94,306.15,306.79,304.75
306.79,306.89,306.03,306.43,304.8
306.43,308.13,306.19,308.08,304.87
310.26,310.86,309.94,310.57,304.98
310.58,310.97,310.45,310.92,305.09
310.91,311.36,310.77,311.01,305.2
311.01,311.96,310.97,311.66,305.33
311.66,312.06,311.51,311.72,305.43
311.72,311.74,311.22,311.55,305.53
311.55,311.72,311.19,311.22,305.63
311.23,311.66,311.13,311.55,305.74
311.57,311.67,311.19,311.36,305.85
311.36,312.16,311.3,312.03,306
312.03,312.38,311.85,312.13,306.18
312.13,312.69,311.93,312.6,306.39
312.6,313.22,312.04,312.09,306.6
311.12,312.25,310.96,312.09,306.82
312.08,312.66,311.89,312.56,307.05
312.55,313,312.39,312.77,307.27
312.78,312.89,311.08,311.38,307.47
311.38,311.84,311.2,311.53,307.67
311.53,311.75,311.1,311.36,307.87
311.36,311.36,310.48,310.5,308.06
310.5,310.92,310.39,310.53,308.21
310.54,311.68,310.54,311.51,308.37
311.5,311.69,311.25,311.52,308.53
311.53,311.62,310.14,310.15,308.64
310.14,310.59,309.08,310.09,308.76
310.1,311.34,309.94,311.31,308.88
317.41,318.65,317.16,317.65,309.14
317.64,318.68,317.5,318.05,309.41
318.05,319.19,317.92,319.15,309.69
319.17,320.67,319.07,320.61,310
320.61,321.28,320.06,320.32,310.29
320.32,320.45,319.22,319.88,310.57
319.88,320.35,319.83,320.13,310.85
320.13,320.66,319.68,320.65,311.16
320.64,320.74,320,320.07,311.44
320.07,320.61,319.81,320.2,311.73
320.2,320.56,319.3,319.7,312.01
319.7,320.14,318.94,320.09,312.28
320.09,320.1,318.37,319.28,312.53
320.3,321.21,320.15,320.79,312.81
320.79,320.9,319.69,319.9,313.1
319.89,320.93,319.63,320.73,313.39
320.75,321.37,320.67,321.16,313.69
321.16,321.27,320.6,320.85,313.98
320.86,321.12,320.48,320.54,314.25
320.54,321.02,320.51,320.84,314.53
320.84,321.2,320.74,321.09,314.81
321.09,321.91,320.93,321.76,315.11
321.76,322.16,321.62,322.06,315.43
322.06,322.14,321.78,322.07,315.71
322.06,322.1,321.67,321.85,315.93
321.85,323.41,321.79,323.25,316.18
320.26,320.76,319.66,319.76,316.35
319.76,320.45,319.36,320.12,316.52
320.12,321.69,320.03,321.37,316.71
321.37,321.75,320.93,321.32,316.91
321.32,321.41,320.47,320.62,317.1
320.62,320.99,320.16,320.98,317.29
320.98,321.45,320.33,321.42,317.49
321.41,321.94,321.26,321.94,317.69
321.93,322.22,321.87,321.97,317.88
321.97,322.08,320.95,321.01,318.05
321.01,321.75,320.96,321.71,318.24
321.71,322.37,321.33,322.21,318.45
322.21,322.22,320.48,320.81,318.61
321.4,321.78,319.62,320.29,318.76
320.29,320.6,318.64,319.04,318.91
319.04,320.03,318.22,318.7,319.06
318.69,319.95,318.55,319.64,319.22
319.65,320.16,318.91,319.71,319.41
319.76,320.51,319.39,320.32,319.6
320.31,320.38,319.95,320.23,319.78
320.24,320.51,319.79,320.1,319.95
320.1,320.4,319.87,319.95,320.15
319.95,322.39,318.94,322.09,320.39
322.09,322.18,319.03,319.93,320.56
319.94,321.41,318.88,321.34,320.63
321.34,321.48,318.89,319.01,320.65
311.31,312.15,310.01,311.65,320.5
311.66,311.96,310.16,310.18,320.29
310.18,311.2,308.92,309.1,320.07
309.08,309.56,308.36,308.79,319.85
308.8,309.01,307.16,308.01,319.6
308,308.02,304.92,305.36,319.3
305.36,306.7,303.75,304.23,318.98
304.22,305.87,303.93,304.88,318.67
304.89,305.38,303.77,304.72,318.37
304.71,304.77,302.99,303.95,318.05
303.95,304.08,301.06,301.77,317.7
301.77,302.9,300.25,300.71,317.3
300.71,302.58,300.01,300.59,316.91
308.32,309.08,307.06,307.63,316.65
307.63,308.42,306.06,306.07,316.35
306.09,306.51,302.67,302.68,315.99
302.67,303.73,300.46,302.38,315.62
302.38,305.28,301.82,305.22,315.31
305.21,305.89,303.84,304.31,314.98
304.31,304.4,302.59,303.79,314.62
303.79,304.01,301.47,301.85,314.21
301.85,302.23,298.74,298.88,313.75
298.88,301.29,298.6,301.08,313.33
301.08,302.68,300.35,302.1,312.91
302.1,303.73,301.06,301.71,312.55
301.71,305.07,301.16,304.27,312.23
298.01,300.11,296.74,299.95,311.8
299.94,301.33,299.4,299.99,311.38
299.99,301.76,299.27,300.93,310.98
300.93,302.63,300.75,301.78,310.6
301.78,302.29,301.05,301.92,310.21
301.89,303.79,301.65,303.56,309.84
303.56,304.42,303.06,304.37,309.49
304.36,305.31,304.09,304.46,309.16
304.46,304.83,303.81,304.06,308.81
304.06,308.22,304.06,307.9,308.52
307.9,308.28,306.52,306.73,308.24
306.74,307.79,305.84,305.9,307.95
305.86,307.12,304.54,307.03,307.71
315.56,315.56,313.77,314.54,307.63
314.54,315.54,314.18,315.37,307.54
315.37,315.64,309.06,309.44,307.34
309.44,312.83,307.67,312.55,307.18
312.55,313.7,311.74,312.26,307.02
312.27,312.8,311.17,312.65,306.87
312.64,314.18,312.59,313.48,306.74
313.48,314.94,313.23,313.7,306.57
313.69,313.87,312.14,312.7,306.43
312.7,314.37,312.21,313.34,306.27
313.34,314.21,312.74,313.07,306.15
313.07,313.32,310.61,312.08,306.16
312.08,313.03,311.19,312.93,306.21
314.04,314.11,312.02,312.66,306.29
312.65,313.46,311.39,311.66,306.34
311.66,313.38,311.16,312.82,306.44
312.81,313.11,311.93,312.35,306.58
312.35,313.17,312.15,313.1,306.76
313.11,313.18,312.46,312.88,306.92
312.88,313.98,312.84,313.54,307.09
313.55,314.16,313.52,314.02,307.29
314.02,314.39,313.68,313.68,307.53
313.68,314.1,313.15,313.71,307.79
313.71,314.15,313.02,313.06,308.04
313.06,313.06,311.45,311.85,308.13
311.84,312.31,310.86,311.57,308.24
309.98,311.55,309.51,310.78,308.4
310.76,311.86,310.75,311.15,308.57
311.15,312.3,310.22,312.21,308.71
312.2,312.3,311.56,311.73,308.86
311.73,312.07,310.75,310.92,309
310.92,311.58,310.44,311.4,309.2
311.41,311.51,310.81,311.39,309.45
311.38,311.7,311.16,311.56,309.66
311.56,311.99,311.49,311.85,309.85
311.85,311.93,310.66,311.21,310.04
311.21,311.74,310.47,310.53,310.17
310.52,310.84,310.06,310.77,310.38
310.77,312,310.57,311.74,310.62
314.1,314.38,312.71,312.96,310.86
312.96,313.38,312.71,313.04,311.08
313.05,313.09,312.08,312.28,311.29
312.27,312.96,311.6,312.25,311.46
312.24,312.33,311.56,311.69,311.61
311.69,311.76,307.95,309.22,311.71
309.22,310.54,308.54,310.42,311.83
310.42,310.47,308.66,308.91,311.85
308.89,309.43,307.89,307.9,311.88
307.9,308.7,306.53,307.6,311.91
307.6,309.63,307.21,309.42,311.96
309.43,310.54,308.7,309.91,311.87
309.91,310.3,308.54,308.58,311.73
307.95,308.67,306.75,308.51,311.71
308.51,309.67,308.3,309.37,311.65
309.37,309.45,308.15,308.16,311.57
308.16,309.2,307.85,309.06,311.49
309.06,309.46,308.73,309.1,311.41
309.1,310.47,309.1,310.25,311.34
310.26,310.81,310.01,310.5,311.29
310.51,310.81,310.21,310.27,311.23
310.27,310.62,309.96,310.45,311.18
310.46,310.47,309.72,310.31,311.14
310.31,311.04,310.23,310.96,311.1
310.95,311.05,309.3,309.69,311.05
309.69,310.84,309.68,310.66,311.03
313.5,313.84,312.62,312.98,311.03
312.98,313.57,312.3,313.56,311.05
313.56,313.65,312.11,312.78,311.05
312.77,314.18,312.38,313.99,311.07
313.99,314.04,313.14,313.82,311.07
313.82,314.03,313.42,313.74,311.07
313.74,313.9,313.4,313.67,311.07
313.67,314.36,313.64,314.22,311.08
314.22,314.5,313.5,314.18,311.1
314.2,314.2,313.4,313.86,311.14
313.86,314.1,313.11,313.36,311.18
313.36,313.61,312.63,312.72,311.22
312.72,313.08,311.61,312.03,311.23
309.84,310.51,307.65,307.75,311.14
307.75,308.37,307,308.27,311.07
308.26,308.27,306.15,306.48,310.99
306.48,306.82,304.29,304.97,310.86
304.97,305.12,302.1,303.46,310.7
303.46,304.52,303.08,304.09,310.55
304.08,305.33,303.63,305.24,310.42
305.24,305.5,303.83,303.89,310.27
303.89,303.91,303.03,303.86,310.14
303.86,304.66,302.78,304.55,310.01
304.55,304.83,303.52,303.7,309.85
303.7,305.74,303.7,304.67,309.69
304.67,305.68,303.63,304.13,309.51
303.47,303.83,301.28,302.98,309.32
302.99,304.98,302.87,304.77,309.17
304.78,304.95,303.46,303.96,309.02
303.96,304.38,302.64,303.9,308.91
303.89,304.13,302.51,303.84,308.78
303.84,305.12,303.84,304.54,308.69
304.54,305.27,303.97,304.66,308.63
304.66,304.87,304.12,304.5,308.57
304.5,305.03,304.06,304.57,308.47
304.56,304.85,303.82,304.17,308.35
304.17,304.5,303.5,304.27,308.27
304.26,306.98,304,306.69,308.23
306.69,307.64,306.18,307.29,308.19
306.17,306.39,304.52,305.23,308.13
305.23,305.25,302.07,302.86,308.01
302.86,303.1,300.69,301.51,307.86
301.54,302.84,301.45,301.99,307.69
301.99,302.91,301.39,302.6,307.53
302.61,302.67,300.5,301.64,307.36
301.64,301.92,300.74,301.83,307.19
301.8,302.5,301.54,302.14,307.02
302.14,302.58,301.71,301.79,306.84
301.79,302.09,300.63,300.89,306.66
300.89,301.09,299.85,300.47,306.46
300.46,301.04,299.66,300.35,306.21
300.35,301.46,299.42,300.02,305.94
301.42,301.73,298.93,300.59,305.69
300.58,302.38,300.57,301.95,305.45
301.97,303.43,301.92,302.58,305.23
302.59,303.33,301.49,303.21,305.02
303.21,303.38,302.57,302.69,304.8
302.69,303.67,302.69,303.54,304.58
303.54,303.81,303.27,303.35,304.37
303.35,303.62,303.21,303.58,304.16
303.57,304.02,303.38,303.63,303.97
303.64,303.83,303.04,303.12,303.78
303.12,303.51,302.7,302.93,303.59
302.94,303.1,302.22,302.82,303.5
302.83,304.45,302.44,304.44,303.42
304.01,305.38,303.82,304.79,303.38
304.8,305.96,304.73,305.47,303.39
305.47,306.68,305.24,306.56,303.46
306.56,307.33,306.44,306.89,303.51
306.89,306.92,306.27,306.79,303.54
306.79,307.53,306.6,307.21,303.61
307.21,307.39,306.2,306.31,303.66
306.31,306.56,305.69,306.44,303.7
306.44,306.63,305.91,306.52,303.75
306.52,307.06,306.03,307.06,303.8
307.06,307.43,306.9,307.42,303.87
307.42,307.92,306.67,307.68,303.96
307.68,310.2,307.6,308.59,304.04
309.57,310.92,309.3,309.81,304.15
309.85,311.03,309.78,310.91,304.29
310.92,311.26,309.57,310.6,304.43
310.6,310.7,309.07,309.23,304.52
309.22,310.45,309.18,310.26,304.64
310.25,311.12,310.11,310.99,304.76
310.98,311.44,310.45,310.78,304.89
310.78,310.94,310.3,310.81,305.02
310.81,311.07,310.31,310.74,305.15
310.74,311.28,310.67,310.92,305.24
310.92,311.18,310.3,310.91,305.31
310.91,311.7,310.77,311.5,305.43
311.5,311.89,310.44,310.56,305.59
314.24,315.48,314.14,315.37,305.86
315.37,315.7,313.56,313.61,306.1
313.61,314.33,312.78,312.91,306.3
312.91,313.13,312.04,312.83,306.53
312.83,313.85,312.79,313.61,306.76
313.61,313.71,312.86,313.69,306.99
313.69,313.8,313.23,313.71,307.23
313.7,313.76,313.38,313.63,307.49
313.62,314.2,313.57,313.76,307.75
313.76,314.16,313.51,314.06,308.03
314.07,314.4,313.94,314.09,308.31
314.09,314.21,313.25,313.3,308.56
313.32,313.47,311.51,312.18,308.77
316.38,316.88,315.87,316.72,309.05
316.72,317.68,315.56,315.97,309.31
315.95,316.95,315.69,316.9,309.59
316.9,317.16,316.7,317.14,309.86
317.14,317.23,316.44,316.45,310.12
316.45,316.58,316,316.26,310.38
316.25,316.58,316.09,316.48,310.63
316.49,316.56,316.02,316.56,310.9
316.56,316.68,316.35,316.63,311.18
316.62,316.64,315.56,315.97,311.44
315.97,316.38,315.71,315.99,311.67
315.99,316.27,315.63,316.22,311.9
316.23,317.24,315.86,316.99,312.13
315.38,316.25,314.9,315.99,312.32
315.99,317.05,315.83,316.77,312.52
316.77,316.93,316.05,316.83,312.72
316.83,317.52,316.72,317.26,312.92
317.26,317.36,316.58,316.73,313.13
316.74,316.98,316.12,316.35,313.32
316.35,316.46,315.93,316.37,313.52
316.38,316.56,315.72,316.24,313.71
316.24,316.44,315.98,316.2,313.88
316.2,316.3,315.61,315.67,314.04
315.67,315.68,315.04,315.53,314.18
315.53,315.53,314.68,314.98,314.28
314.98,315.12,313.37,313.7,314.34
314.59,316.19,314.21,316.1,314.45
316.1,316.3,315.12,315.25,314.57
315.25,315.77,315.04,315.39,314.67
315.38,315.47,312.7,313.47,314.72
313.47,314.37,313.34,314.14,314.79
314.14,314.73,313.99,314.58,314.86
314.59,314.94,314.1,314.92,314.95
314.91,314.95,313.58,313.93,315.01
313.93,314.43,313.7,313.86,315.07
313.86,314.64,313.6,314.39,315.12
314.39,314.71,313.82,314.57,315.2
314.57,315.95,314.53,315.55,315.21
315.55,316.17,315.16,316.13,315.26
316.85,317.1,315.35,316.1,315.32
316.1,316.4,314.58,315.16,315.37
315.17,315.41,311.82,311.94,315.34
311.95,312.59,310.68,311.75,315.3
311.75,312.34,310.99,312.24,315.27
312.24,313.43,312.07,313,315.25
313,313.62,312.75,313.51,315.25
313.5,314.35,313.26,313.91,315.25
313.91,314.41,313.22,313.39,315.23
313.38,314.67,313.18,314.54,315.26
314.55,314.91,314.22,314.88,315.31
314.87,315.54,313.9,313.93,315.26
313.95,315.19,313.29,314.42,315.22
314.26,315.09,313.47,314.01,315.17
313.98,314.81,312.76,314.66,315.12
314.66,315.65,314.48,315.08,315.09
315.07,315.53,314.5,315.34,315.07
315.29,315.93,314.85,315.85,315.06
315.85,316.13,315.14,315.21,315.03
315.21,315.88,314.91,315.83,315.02
315.83,316.03,315.63,315.96,315.02
315.96,316.67,315.71,316.51,315.03
316.51,316.67,316.18,316.4,315.03
316.41,316.95,316.35,316.92,315.03
316.92,317.46,316.51,317.35,315.06
317.34,317.88,316.99,317.64,315.07
320.06,320.44,319.49,319.59,315.13
319.6,321.12,319.23,321.09,315.2
321.09,321.67,320.43,321.65,315.3
321.67,322.34,321.51,322.24,315.42
322.24,322.35,321.45,321.72,315.53
321.72,322.03,321.55,321.79,315.64
321.8,322.03,321.54,321.65,315.75
321.66,322.46,321.55,322.27,315.88
322.27,322.71,321.85,321.92,316.01
321.92,322.06,319.77,319.88,316.11
319.88,320.63,319.07,320.41,316.24
320.4,320.51,317.09,317.11,316.26
317.1,317.33,314.13,314.84,316.25
313.25,315.31,312,313.89,316.22
313.84,314.36,312.33,314.32,316.24
314.3,315.92,314.28,314.82,316.25
314.82,315.81,314.3,315.29,316.27
315.31,316.67,315.09,316,316.29
316,316.64,315.29,315.89,316.33
315.89,316.33,315.15,315.31,316.36
315.31,315.75,314.52,315.51,316.38
315.51,316.99,315.41,316.34,316.41
316.34,317.67,315.9,317.24,316.45
317.24,317.62,316.42,317.4,316.47
317.42,317.56,315.77,317.34,316.5
317.35,319.76,317.18,318.89,316.57
322.48,322.64,321.23,321.88,316.77
321.88,322.5,321.13,322.46,316.99
322.46,323.04,322.15,322.24,317.19
322.24,322.47,320.56,321.73,317.36
321.73,321.83,319.74,319.75,317.49
319.75,320.72,319.27,320.64,317.62
320.64,321.12,319.8,321.07,317.77
321.08,321.63,320.7,321.33,317.91
321.32,321.78,320.93,321.1,318.03
321.1,322.19,320.77,321.88,318.19
321.88,322.21,320.91,320.92,318.32
320.92,321.65,320.19,321.58,318.47
321.58,322.59,321.36,321.87,318.62
319.78,320.46,319.1,319.73,318.71
319.74,320.33,319.09,320.24,318.81
320.25,320.73,319.8,319.88,318.89
319.9,320.3,319.34,319.96,318.99
319.97,320.05,319.28,319.8,319.06
319.8,320.02,319.24,319.56,319.14
319.56,320.1,319.51,319.7,319.2
319.69,320.6,319.62,320.57,319.28
320.57,320.6,319.88,319.93,319.34
319.93,320.64,319.85,320.49,319.41
320.49,320.61,319.25,319.37,319.44
319.38,320.86,319.21,320.81,319.47
320.8,321.28,320.23,320.82,319.46
321.82,322.09,320.93,321.32,319.45
321.32,321.5,319.84,320.11,319.41
320.11,321.03,319.74,321.01,319.4
321,321.42,320.94,321.16,319.38
321.16,321.53,320.68,321.39,319.38
321.39,321.68,321.27,321.45,319.36
321.44,321.61,321.09,321.21,319.35
321.21,321.58,320.91,321.43,319.38
321.44,321.47,321.09,321.24,319.4
321.25,322.09,321.24,321.93,319.49
321.93,322.23,321.65,322.01,319.64
322.01,322.3,321.67,322.3,319.8
322.3,322.57,321.55,321.68,319.95
321.41,322.14,320.62,321.13,320.08
321.15,322.65,320.93,322.63,320.22
322.63,323.02,322.42,322.49,320.35
322.49,322.8,322.33,322.74,320.49
322.74,323.14,322.64,322.86,320.64
322.86,323.09,322.46,322.74,320.79
322.74,323.06,322.67,323.02,320.92
323.02,323.32,322.86,323.3,321.04
323.3,323.81,323.15,323.71,321.17
323.71,323.75,323.52,323.73,321.3
323.74,323.98,323.69,323.78,321.39
323.78,324.59,323.64,324.53,321.45
324.53,325.13,324.29,324.34,321.48
326.48,326.93,325.89,326.71,321.57
326.71,326.91,325.48,325.76,321.65
325.77,326.66,325.44,326.4,321.79
326.4,326.65,325.68,326.43,321.9
326.43,326.67,325.62,326.01,322
326.01,326.15,325.59,326.05,322.1
326.04,326.3,325.76,326.29,322.2
326.29,326.37,325.77,326.31,322.29
326.31,326.69,326.24,326.52,322.4
326.52,326.85,326.34,326.61,322.5
326.61,326.62,326.26,326.42,322.59
326.43,326.51,324.87,325.02,322.7
325.02,325.37,323.94,324.97,322.79
324.62,326.16,324.54,325.71,322.91
325.72,326.02,325.28,325.3,323.02
325.31,325.79,324.7,325.2,323.12
325.2,325.47,324.5,325.39,323.24
325.39,325.8,325.32,325.6,323.36
325.6,326.32,325.44,325.99,323.47
325.99,326.09,325.68,325.87,323.59
325.86,326.03,325.66,325.76,323.69
325.76,325.82,324.74,324.77,323.8
324.77,325.53,324.73,325.53,323.89
325.53,325.94,325.22,325.76,323.99
325.76,326.48,325.67,326.02,324.09
326.02,327.2,325.93,326.83,324.22
326.45,327.23,326.12,326.99,324.34
327,327.09,325.52,326.4,324.44
326.4,326.96,326.15,326.26,324.54
326.26,326.75,325.83,326.68,324.65
326.68,327.12,326.5,326.64,324.76
326.67,326.67,325.43,325.75,324.84
325.75,325.92,324.98,325.27,324.92
325.25,325.9,324.65,324.95,324.98
324.95,325.02,322.98,323.57,325.01
323.57,323.59,321.48,322.61,325.02
322.61,323.28,321.89,322.95,325.05
322.96,323.24,321.91,322.47,325.07
322.47,323.06,321.72,322.93,325.08
320.93,321.16,319.49,320.6,325.04
320.61,321.67,320.52,321.29,325.01
321.3,321.84,320.18,321.78,324.99
321.78,321.99,321.15,321.68,324.97
321.67,321.76,320.83,321.33,324.94
321.33,321.41,320.38,320.84,324.89
320.84,320.98,320.01,320.25,324.82
320.25,320.6,319.25,320.18,324.75
320.18,320.69,319.77,320.54,324.68
320.54,321.4,320.41,321.39,324.62
321.39,321.4,320.45,320.79,324.55
320.79,321.45,319.98,320.12,324.42
320.12,320.99,319.67,320.85,324.32
321.63,322.73,320.78,322.62,324.24
322.62,322.9,322.38,322.56,324.16
322.57,322.97,322.36,322.6,324.1
322.59,322.64,321.62,321.75,324.01
321.75,322.04,321.18,321.9,323.92
321.9,322.25,321.75,322.2,323.84
322.2,322.46,322.09,322.37,323.76
322.39,322.67,322.31,322.65,323.68
322.64,322.76,322.44,322.49,323.6
322.5,322.84,322.3,322.77,323.55
322.77,322.9,322.17,322.38,323.5
322.39,323.28,322.35,323.18,323.45
323.18,323.41,322.97,323.19,323.41
322.45,323.04,321.31,321.89,323.34
321.88,322.97,321.71,322.83,323.29
322.83,323.08,322.21,322.81,323.24
322.82,323.2,322.12,322.93,323.17
322.93,323.5,322.86,322.93,323.12
322.93,322.98,322.52,322.68,323.05
322.68,323.06,322.55,323.02,323.02
323.02,323.24,322.73,323.15,322.97
323.15,323.64,323.13,323.52,322.93
323.52,323.61,323.13,323.14,322.87
323.15,323.44,322.95,323,322.79
323,323.09,321.96,322.01,322.69
322,322.42,320.85,321.19,322.59
322.14,322.97,322.08,322.81,322.52
322.81,323.36,322.76,323.22,322.45
323.23,323.77,323.17,323.75,322.39
323.75,323.86,323.34,323.85,322.36
323.85,323.86,323.64,323.67,322.32
323.67,323.82,323.23,323.74,322.3
323.74,324.12,323.66,323.96,322.31
323.96,324.3,323.78,324.18,322.34
324.19,324.23,323.88,324.03,322.36
324.02,324.48,323.62,324.36,322.4
324.36,325.44,324.36,324.54,322.43
324.54,325.45,323.87,325.2,322.52
325.2,325.73,324.65,325.1,322.6
321.9,322.42,320,320.13,322.56
320.13,320.99,319.64,320.78,322.55
320.78,321.62,320.52,321.4,322.55
321.42,322.57,321.1,322.05,322.57
322.04,322.99,321.91,322.73,322.62
322.73,323.95,322.38,323.4,322.69
323.4,323.67,323.29,323.57,322.75
323.54,324.4,323.46,323.73,322.79
323.72,323.79,323.12,323.72,322.85
323.72,323.93,323.16,323.45,322.92
323.45,324.29,323.43,323.92,322.98
323.92,324.26,323.35,324.24,323.01
324.24,324.41,323.57,323.98,323.04
326,326.13,324.12,324.74,323.08
324.78,324.79,322.42,322.74,323.1
322.74,323.39,322.41,323.3,323.13
323.3,324.4,323.11,324.1,323.17
324.12,324.44,323,323.24,323.19
323.24,323.35,322.22,322.88,323.19
322.89,322.89,321.33,321.71,323.18
321.71,322.77,321.55,322.73,323.18
322.73,323.02,322.29,322.58,323.18
322.58,322.98,321.96,322.59,323.17
322.59,323.94,322.51,323.88,323.18
323.88,324.85,323.68,324.63,323.24
324.63,326.61,324.57,326.53,323.31
328.31,328.44,327.73,328.35,323.42
328.35,329.28,328.35,328.6,323.53
328.61,328.91,327.91,328.22,323.64
328.22,329,328.15,328.87,323.76
328.87,329.38,328.84,329.06,323.89
329.06,329.18,328.81,328.87,324
328.85,329.01,328.73,328.9,324.11
328.91,329.27,328.86,329.11,324.23
329.1,329.21,328.8,329.08,324.35
329.08,329.43,328.9,329.41,324.5
329.41,329.62,329.31,329.47,324.66
329.48,329.56,328.65,328.96,324.78
328.97,329.35,328.39,328.78,324.9
327.88,328.77,327.86,328.65,324.99
328.65,329.34,328.55,328.81,325.09
328.81,329.64,328.61,329.37,325.21
329.38,329.64,329.15,329.4,325.32
329.42,329.66,329.27,329.43,325.43
329.43,329.52,328.82,329.14,325.53
329.14,329.24,328.75,328.93,325.63
328.93,329.42,328.64,329.28,325.73
329.28,329.39,329.04,329.34,325.82
329.34,329.46,328.65,328.67,325.89
328.67,329.05,327.95,328.99,325.97
328.99,329.32,328.86,329.11,326.15
329.11,330.06,328.82,330.02,326.33
331.46,331.93,331.23,331.88,326.54
331.89,332.13,331.74,332,326.74
332,332.16,331.62,331.85,326.92
331.86,332.39,331.86,332.03,327.1
332.04,332.3,331.62,331.64,327.26
331.64,331.94,331.46,331.51,327.41
331.5,331.91,331.43,331.82,327.58
331.82,331.94,331.66,331.87,327.74
331.88,332.02,331.76,331.88,327.9
331.89,332.12,331.87,332.11,328.06
332.11,332.18,331.73,331.88,328.22
331.88,332.11,331.62,331.76,328.36
331.76,332.34,331.18,332.09,328.55
331.52,332.32,331.39,332.28,328.73
332.28,332.64,331.96,332.46,328.89
332.47,332.62,331.13,331.75,329.06
331.75,332.02,331.54,331.58,329.24
331.57,331.85,331.28,331.66,329.44
331.66,332.21,331.59,332.07,329.62
332.07,332.46,331.93,332.42,329.82
332.42,332.55,332.27,332.48,330.02
332.48,332.9,332.34,332.81,330.2
332.82,333.7,332.77,333.64,330.38
333.63,334.15,333.62,334,330.53
334,334.46,333.85,334.13,330.64
334.13,334.36,333.66,334.31,330.76
333.29,334.09,332.86,333.92,330.87
333.92,334.11,333.06,333.71,330.97
333.71,334.59,333.69,334.38,331.07
334.38,334.65,333.73,333.77,331.17
333.77,334.26,333.51,333.55,331.26
333.54,334.38,333.37,334.33,331.37
334.32,334.57,333.84,333.86,331.46
333.86,333.93,332.91,333.67,331.55
333.68,334.06,332.91,333.02,331.62
333.02,333.57,332.3,332.49,331.69
332.48,333.39,332.31,333.29,331.78
333.29,333.86,332.85,333.3,331.87
333.3,334.88,333.12,334.55,331.99
335,335.59,334.97,335.11,332.1
335.12,335.38,334.7,335.34,332.22
335.33,335.4,333.18,333.2,332.3
333.19,334.43,332.96,334.36,332.4
334.36,335.02,334.23,334.92,332.52
334.92,335.03,334.4,334.43,332.62
334.42,335.28,334.34,335.14,332.74
335.15,335.44,335.01,335.23,332.87
335.23,335.36,334.91,335.09,332.99
335.09,335.44,334.94,335.27,333.12
335.27,335.51,334.79,335.48,333.23
335.48,335.77,335.16,335.3,333.29
335.3,335.63,334.88,335.55,333.37
336.86,337.27,336.27,336.4,333.46
336.39,336.54,335.54,336.52,333.55
336.52,336.83,336.1,336.65,333.65
336.65,337.21,336.61,337.12,333.76
337.12,337.2,336.41,336.62,333.85
336.62,337.15,336.25,337.06,333.96
337.06,337.21,336.8,337,334.06
337,337.54,336.8,337.44,334.17
337.44,337.47,336.88,337.22,334.27
337.24,337.39,336.22,336.28,334.36
336.26,336.41,335.75,336.32,334.45
336.32,336.38,333.56,334.81,334.5
334.81,334.82,332.01,332.83,334.51
335.47,336.47,335.43,336.39,334.6
336.39,337.16,336.12,337.11,334.71
337.11,337.5,336.87,337.27,334.82
337.26,337.64,336.91,337.18,334.92
337.18,337.48,336.91,337.23,335.02
337.23,337.81,337.2,337.65,335.12
337.65,337.81,337.01,337.07,335.21
337.07,337.3,336.56,336.67,335.27
336.67,337.92,336.65,337.89,335.35
337.88,337.98,337.61,337.73,335.42
337.73,337.95,337.56,337.87,335.49
337.87,338.28,337.69,338.06,335.57
338.06,338.11,337.25,337.43,335.65
336.58,337.93,336.46,337.91,335.72
337.9,337.98,337.28,337.66,335.8
337.67,337.96,337.5,337.82,335.88
337.82,338.12,337.75,337.85,335.95
337.85,337.87,337.49,337.68,336.03
337.7,338.03,337.69,337.84,336.11
337.84,338.15,337.82,338.11,336.21
338.1,338.25,337.44,337.59,336.32
337.59,337.88,337.06,337.6,336.4
337.6,337.72,336.23,336.88,336.47
336.88,337.1,335.83,336.25,336.51
336.25,337.21,335.96,337.16,336.55
337.16,337.35,336.54,336.85,336.58
336.43,336.76,335.9,336.66,336.65
336.66,336.91,336.17,336.31,336.69
336.32,337.05,336.23,336.55,336.72
336.54,337.23,336.36,337.16,336.77
337.16,337.34,336.74,337.1,336.81
337.1,337.3,336.88,336.95,336.85
336.95,337.3,336.94,336.98,336.89
336.98,337.18,336.79,337.14,336.92
337.14,337.42,337.02,337.42,336.96
337.41,337.41,336.72,336.98,337
336.97,337.15,336.56,336.57,337.02
336.58,336.72,335.85,336.1,337.01
336.1,336.88,335.62,336.87,337.02
337.91,338.17,337.71,337.89,337.04
337.89,337.98,337.48,337.93,337.06
337.93,338.34,337.91,338.02,337.09
338.03,338.19,337.73,338.17,337.11
338.16,338.18,337.74,338.01,337.13
338.02,338.06,337.76,337.84,337.14
337.84,338.19,337.83,338.13,337.15
338.16,338.17,338,338.06,337.19
338.06,338.16,337.96,338.06,337.22
338.06,338.16,337.97,338.06,337.29
338.07,338.14,337.81,337.92,337.39
337.91,337.96,337.58,337.88,337.42
337.88,338.16,337.72,337.87,337.44
338.32,339.07,338.18,338.4,337.46
338.4,338.45,336.77,336.8,337.45
336.8,337.78,336.61,337.77,337.46
337.77,338.31,337.67,338.24,337.47
338.24,338.46,338.24,338.38,337.5
338.38,338.55,338.24,338.49,337.54
338.49,338.8,338.49,338.72,337.55
338.72,338.89,338.49,338.67,337.57
338.67,338.94,338.65,338.73,337.59
338.73,338.88,338.53,338.78,337.6
338.79,338.99,338.7,338.87,337.63
338.87,339.1,338.61,338.78,337.65
338.77,338.93,338.28,338.6,337.67
339.11,339.2,338.62,338.78,337.69
338.78,339.15,338.73,339.14,337.71
339.14,339.33,339.06,339.24,337.74
339.24,339.38,339,339.31,337.77
339.31,339.61,339.26,339.5,337.8
339.5,339.52,339.29,339.41,337.84
339.41,339.43,339.04,339.18,337.87
339.18,339.32,339.11,339.19,337.92
339.18,339.43,339.18,339.37,337.98
339.37,339.59,337.8,338.16,338
338.16,338.8,337.93,338.64,338.03
338.64,338.79,337.7,337.9,338.06
337.89,338.06,336.62,337.21,338.08
335.33,336.78,335.22,336.74,338.08
336.75,337.33,336.52,337.15,338.08
337.15,337.53,336.84,337.16,338.08
337.16,337.26,336.76,337.24,338.09
337.23,337.82,337.09,337.69,338.1
337.69,337.86,337.52,337.59,338.11
337.59,337.71,337.25,337.32,338.11
337.32,337.52,337.13,337.46,338.12
337.47,337.75,337.43,337.58,338.14
337.58,338.12,337.53,338.05,338.18
338.05,338.24,337.89,338.22,338.2
338.22,338.61,337.77,338.03,338.21
338.03,338.8,337.84,338.26,338.21
337.86,338.67,337.55,338.62,338.23
338.64,338.79,337.93,338.48,338.23
338.49,338.94,338.42,338.63,338.24
338.63,338.69,338.18,338.53,338.26
338.55,338.65,337.9,337.97,338.26
337.97,338.79,337.92,338.66,338.27
338.67,338.75,338.48,338.57,338.28
338.57,338.76,338.33,338.58,338.29
338.58,338.96,338.52,338.85,338.31
338.85,339.07,338.68,339.05,338.33
339.05,339.46,339.05,339.35,338.36
339.34,339.72,339.32,339.49,338.38
339.49,339.67,339.12,339.45,338.43
342.13,342.24,341.53,341.88,338.52
341.88,342.41,341.35,342.06,338.59
342.06,342.29,341.06,341.31,338.65
341.31,341.86,341.18,341.42,338.71
341.42,341.98,341.37,341.77,338.77
341.78,342.07,341.67,341.71,338.83
341.72,341.93,341.6,341.69,338.89
341.69,342.06,341.66,341.81,338.95
341.81,341.87,341.5,341.77,339.01
341.78,341.98,341.64,341.78,339.07
341.78,341.79,341.29,341.51,339.13
341.51,341.92,341.14,341.92,339.19
341.91,343,341.8,342.92,339.27
343.53,343.7,342.86,343.35,339.35
343.35,343.36,342.51,342.72,339.42
342.72,342.94,342.27,342.75,339.48
342.75,343.48,342.65,343.13,339.56
343.14,343.2,342.35,342.71,339.63
342.71,343.01,342.35,342.84,339.7
342.84,343.16,342.72,343.06,339.77
343.06,343.35,342.83,343.28,339.88
343.28,343.39,343.15,343.19,339.97
343.19,343.62,343.01,343.59,340.08
343.59,343.8,343.5,343.74,340.21
343.74,344.09,343.53,344.05,340.36
344.04,344.21,343.89,344.1,340.5
344.72,344.8,344.17,344.66,340.65
344.66,344.91,344.45,344.9,340.8
344.9,345.33,344.86,345.24,340.95
345.24,345.47,345.08,345.45,341.11
345.45,346.09,345.37,346,341.28
345.99,347.03,345.9,346.87,341.47
346.88,346.95,346.31,346.61,341.65
346.61,347,346.6,346.68,341.82
346.69,347.03,346.65,347.02,342
347.03,347.86,346.95,347.78,342.19
347.78,347.83,346.36,346.53,342.36
346.54,347.74,346.3,347.72,342.54
347.72,347.81,347.17,347.56,342.72
348.5,349.5,347.46,349.26,342.94
349.26,349.35,347.51,349.21,343.15
349.21,349.64,348.69,349.54,343.38
349.53,349.9,348.77,348.97,343.59
348.98,349.87,348.57,349.54,343.81
349.54,349.55,348.2,348.23,344
348.22,348.57,346.53,347.02,344.16
347.02,348.38,346.62,348.26,344.35
348.26,348.7,347.59,348.66,344.53
348.66,349.4,348.52,349.4,344.73
349.4,349.51,348.88,349.12,344.93
349.12,349.7,348.76,349.45,345.08
349.46,349.57,348.17,348.32,345.2
349.45,349.58,348.61,349.29,345.36
349.29,349.35,348.56,348.85,345.51
348.86,349.13,348.15,348.4,345.64
348.4,349.32,348.26,349.2,345.79
349.19,349.44,349.01,349.3,345.94
349.3,349.52,349.17,349.23,346.09
349.23,349.71,349.07,349.67,346.25
349.68,349.68,348.81,348.81,346.39
348.82,349.42,348.75,349.25,346.55
349.25,349.56,348.99,349.51,346.7
349.5,349.92,349.34,349.78,346.84
349.78,350.61,349.69,350.39,346.98
350.39,350.72,350.24,350.55,347.13
350.35,350.67,349.87,350.03,347.28
350.02,350.49,349.85,350.16,347.42
350.16,350.68,350.1,350.63,347.58
350.63,350.85,349.09,349.47,347.71
349.49,350.39,349.17,350.14,347.85
350.15,350.71,350,350.41,347.99
350.41,350.55,350.09,350.51,348.14
350.51,350.72,350.35,350.58,348.28
350.59,350.88,350.5,350.62,348.42
350.62,350.73,350.33,350.38,348.54
350.38,350.88,350.18,350.78,348.68
350.79,350.83,349.88,350.47,348.79
350.47,351.3,349.77,349.77,348.89
350.24,350.59,349.24,350.47,349
350.48,351.4,350.18,351.38,349.12
351.38,351.4,350.6,350.66,349.21
350.66,351.22,350.39,350.8,349.29
350.8,351.07,350.64,350.76,349.37
350.76,351.18,350.69,350.96,349.46
350.96,351.21,350.8,351.21,349.54
351.21,351.21,350.85,351,349.6
351.01,351.49,350.93,351.32,349.7
351.33,351.81,351.25,351.73,349.78
351.73,351.91,351.6,351.84,349.87
351.84,351.9,351.39,351.52,349.91
351.53,352.69,351.41,352.58,349.98
354.64,354.69,353.53,353.75,350.06
353.75,354.97,353.43,354.95,350.18
354.95,355.29,354.42,354.89,350.29
354.89,355.08,354.11,354.45,350.41
354.45,354.86,353.66,354.79,350.57
354.79,355.51,354.54,355.42,350.71
355.42,355.78,355.34,355.58,350.85
355.58,356.51,355.4,356.46,350.99
356.45,356.74,356.36,356.43,351.14
356.43,356.68,355.81,356.54,351.28
356.54,356.93,356.35,356.75,351.45
356.75,357.9,356.67,357.66,351.62
357.66,358.75,357.48,357.73,351.79
355.85,356.38,355.16,355.8,351.94
355.77,355.92,352.01,352.74,352.01
352.74,353.15,350.35,351.33,352.05
351.33,351.48,345.2,347.28,352.01
347.28,349.4,346.51,348.05,351.98
348.06,348.85,347.14,347.55,351.96
347.55,347.81,345.49,345.66,351.88
345.66,346.98,344.26,346.92,351.83
346.91,346.91,344.7,345.58,351.75
345.59,346.4,344.66,345.52,351.65
345.51,347,343.97,344,351.52
344,344.66,342.79,342.91,351.38
342.91,345.92,342.59,345.56,351.29
346.07,347.83,343.05,343.56,351.14
343.55,344.72,339.08,339.25,350.94
339.24,340.13,334.87,338.42,350.71
338.41,338.79,335.42,336.39,350.42
336.4,339.55,336.27,339.21,350.2
339.22,340.55,338.05,340.5,350
340.5,341.6,340.06,340.91,349.8
340.91,340.91,338.6,339.31,349.58
339.31,340.58,338.46,340.36,349.37
340.36,341.61,339.69,341.5,349.19
341.49,344.63,341.06,344.56,349.09
344.57,345.4,343.31,344.98,348.98
344.99,345.01,342.26,342.51,348.8
336.74,336.98,333.86,336.7,348.52
336.7,337.62,334.8,337.45,348.26
337.45,338.06,335.12,335.85,347.96
335.85,337.36,335.33,336.43,347.67
336.41,336.64,334.43,335.49,347.35
335.49,336.65,335.29,335.83,347.05
335.83,336.99,335.5,336.77,346.76
336.77,337.28,336.02,336.89,346.46
336.88,337.74,336.47,337.17,346.17
337.17,337.56,335.29,335.43,345.85
335.42,335.42,333.03,334.5,345.49
334.49,335.04,332.88,335,345.11
335,335.51,332.88,333.14,344.67
337.52,338.16,336.61,338.16,344.34
338.16,339.84,338.11,339.41,344.04
339.41,339.87,339.02,339.37,343.73
339.39,340.35,338.92,340.03,343.42
340.03,340.56,339.8,340.25,343.12
340.27,340.82,337.14,340.57,342.8
340.57,341.39,340.55,341.15,342.49
341.15,342.23,341.15,341.77,342.2
341.76,342.09,341.04,341.14,341.88
341.15,341.55,340.7,340.98,341.55
340.98,341.99,340.98,341.68,341.23
341.67,342.43,341.67,342.24,340.96
342.24,342.46,339.63,339.76,340.7
341.75,342.43,341.2,341.61,340.51
341.62,342.53,341.3,341.3,340.39
341.3,342.22,338.64,338.8,340.2
338.8,340.82,338.12,340.81,340.07
340.81,340.83,339.16,339.43,339.94
339.43,339.95,338.31,338.84,339.78
338.84,339.16,337.33,338.51,339.64
338.5,339.6,338.22,338.52,339.5
338.52,339.2,337.57,337.78,339.37
337.78,338.51,334.18,334.28,339.2
334.26,336.24,334.11,336.02,339.01
336.03,336.11,332.85,334.02,338.82
334.04,335.65,333.56,333.66,338.71
335.79,336.53,333.94,334.18,338.62
334.17,336.05,333.71,335.46,338.6
335.46,336.59,334.54,335.62,338.53
335.65,336.97,335.26,335.56,338.43
335.55,335.57,334.7,334.8,338.31
334.79,335.86,334.38,335.25,338.23
335.24,335.24,333.06,333.14,338.09
333.14,333.53,331.59,331.7,337.89
331.7,332.73,331,331.48,337.63
331.48,333.13,331.13,332.41,337.38
332.41,334.32,332.4,333.62,337.2
333.6,334.92,332.36,334.71,337.16
334.73,335.36,333.82,334.07,337.09
